	Models	Colors	Images
0	2020 Honda Fit LX	Black	//rndinteractive.com/images/no_image.jpg
1	2020 Honda Fit LX	Silver Metallic	//rndinteractive.com/images/no_image.jpg
2	2020 Honda Fit LX	Black	//rndinteractive.com/images/no_image.jpg
3	2020 Honda Fit LX	Silver Metallic	//rndinteractive.com/images/no_image.jpg
4	2020 Honda Fit LX	Black	//rndinteractive.com/images/no_image.jpg
5	2020 Honda Fit EX	Milano Red	//rndinteractive.com/images/no_image.jpg
6	2020 Honda Fit EX w/Honda Sensing	Modern Steel	//rndinteractive.com/images/no_image.jpg
7	2020 Honda Fit EX-L w/Honda Sensing	Black	//rndinteractive.com/images/no_image.jpg
8	2020 Honda Fit EX-L w/Honda Sensing	Black	//rndinteractive.com/images/no_image.jpg
9	2020 Honda Fit EX-L w/Honda Sensing	Black	//rndinteractive.com/images/no_image.jpg
10	2020 Honda Insight EX w/Honda Sensing	Modern Steel	//rndinteractive.com/images/no_image.jpg
11	2020 Honda Insight EX w/Honda Sensing	Modern Steel	//rndinteractive.com/images/no_image.jpg
12	2020 Honda Insight EX w/Honda Sensing	Modern Steel	//rndinteractive.com/images/no_image.jpg
13	2020 Honda Insight EX w/Honda Sensing	Black	//rndinteractive.com/images/no_image.jpg
14	2020 Honda Insight EX w/Honda Sensing	Blue	//rndinteractive.com/images/no_image.jpg
15	2020 Honda Insight EX w/Honda Sensing	Black	//rndinteractive.com/images/no_image.jpg
16	2020 Honda Insight EX w/Honda Sensing	Platinum	//rndinteractive.com/images/no_image.jpg
17	2020 Honda Insight EX w/Honda Sensing	Modern Steel	//rndinteractive.com/images/no_image.jpg
18	2020 Honda Insight EX w/Honda Sensing	Platinum	//rndinteractive.com/images/no_image.jpg
19	2020 Honda Insight EX w/Honda Sensing	Crimson	//rndinteractive.com/images/no_image.jpg
20	2020 Honda Insight EX w/Honda Sensing	Black	//rndinteractive.com/images/no_image.jpg
21	2020 Honda Insight EX w/Honda Sensing	Blue	//rndinteractive.com/images/no_image.jpg
22	2020 Honda Insight EX w/Honda Sensing	Silver Metallic	//rndinteractive.com/images/no_image.jpg
23	2020 Honda Insight EX w/Honda Sensing	Black	//rndinteractive.com/images/no_image.jpg
24	2020 Honda Insight EX w/Honda Sensing	Blue	//rndinteractive.com/images/no_image.jpg
25	2020 Honda Insight EX w/Honda Sensing	Black	//rndinteractive.com/images/no_image.jpg
26	2021 Honda Insight EX w/Honda Sensing	Modern Steel	//rndinteractive.com/images/no_image.jpg
27	2020 Honda Civic EX-L w/Honda Sensing	Platinum	//rndinteractive.com/images/no_image.jpg
28	2020 Honda Civic EX-L w/Honda Sensing	Platinum	//rndinteractive.com/images/no_image.jpg
29	2020 Honda Civic EX-L w/Honda Sensing	Platinum	//rndinteractive.com/images/no_image.jpg
30	2020 Honda Insight Touring w/Honda Sensing & Navigation	Modern Steel	//rndinteractive.com/images/no_image.jpg
31	2020 Honda Insight Touring w/Honda Sensing & Navigation	Platinum	//rndinteractive.com/images/no_image.jpg
32	2020 Honda Insight Touring w/Honda Sensing & Navigation	Silver Metallic	//rndinteractive.com/images/no_image.jpg
33	2020 Honda Insight Touring w/Honda Sensing & Navigation	Modern Steel	//rndinteractive.com/images/no_image.jpg
34	2020 Honda Civic Sport Touring w/Honda Sensing & Navigation	Polished Metal	//rndinteractive.com/images/no_image.jpg
35	2020 Honda Civic Sport Touring w/Honda Sensing & Navigation	Platinum	//rndinteractive.com/images/no_image.jpg
36	2020 Honda Accord Hybrid EX	Black	//rndinteractive.com/images/no_image.jpg
37	2020 Honda Accord Hybrid EX-L w/Honda Sensing	Silver Metallic	//rndinteractive.com/images/no_image.jpg
38	2020 Honda Accord Hybrid EX-L w/Honda Sensing	Obsidian	//rndinteractive.com/images/no_image.jpg
39	2020 Honda Accord Hybrid EX-L w/Honda Sensing	Black	//rndinteractive.com/images/no_image.jpg
40	2020 Honda Accord Hybrid EX-L w/Honda Sensing	Black	//rndinteractive.com/images/no_image.jpg
41	2020 Honda Accord Hybrid EX-L	Black	//rndinteractive.com/images/no_image.jpg
42	2020 Honda Accord Hybrid EX-L	Obsidian	//rndinteractive.com/images/no_image.jpg
43	2020 Honda Accord Hybrid EX-L	Obsidian	//rndinteractive.com/images/no_image.jpg
44	2020 Honda CR-V Hybrid EX-L w/Honda Sensing	Platinum	//rndinteractive.com/images/no_image.jpg
45	2020 Honda Odyssey EX w/Honda Sensing	Black	//rndinteractive.com/images/no_image.jpg
46	2020 Honda Odyssey EX w/Honda Sensing	Modern Steel	//rndinteractive.com/images/no_image.jpg
47	2020 Honda Odyssey EX w/Honda Sensing	Modern Steel	//rndinteractive.com/images/no_image.jpg
48	2020 Honda Odyssey EX w/Honda Sensing	Black	//rndinteractive.com/images/no_image.jpg
49	2020 Honda Odyssey EX w/Honda Sensing	Black	//rndinteractive.com/images/no_image.jpg
50	2020 Honda Odyssey EX w/Honda Sensing	Modern Steel	//rndinteractive.com/images/no_image.jpg
51	2020 Honda Odyssey EX w/Honda Sensing	Black	//rndinteractive.com/images/no_image.jpg
52	2020 Honda Odyssey EX w/Honda Sensing	Modern Steel	//rndinteractive.com/images/no_image.jpg
53	2020 Honda Odyssey EX w/Honda Sensing	Modern Steel	//rndinteractive.com/images/no_image.jpg
54	2020 Honda Odyssey EX w/Honda Sensing	Modern Steel	//rndinteractive.com/images/no_image.jpg
55	2020 Honda Odyssey EX w/Honda Sensing	Modern Steel	//rndinteractive.com/images/no_image.jpg
56	2020 Honda Odyssey EX w/Honda Sensing	Black	//rndinteractive.com/images/no_image.jpg
57	2020 Honda CR-V Hybrid Touring w/Honda Sensing & Navigation	Obsidian	//rndinteractive.com/images/no_image.jpg
58	2020 Honda CR-V Hybrid Touring w/Honda Sensing & Navigation	Radiant Red	//rndinteractive.com/images/no_image.jpg
59	2020 Honda CR-V Hybrid Touring w/Honda Navigation	Radiant Red	//rndinteractive.com/images/no_image.jpg
60	2020 Honda Odyssey EX-L	Silver Metallic	//rndinteractive.com/images/no_image.jpg
61	2020 Honda Ridgeline RTL w/Honda Sensing	Silver Metallic	//rndinteractive.com/images/no_image.jpg
62	2020 Honda Odyssey EX-L w/Honda Sensing	Platinum	//rndinteractive.com/images/no_image.jpg
63	2020 Honda Odyssey EX-L w/Honda Sensing	Black	//rndinteractive.com/images/no_image.jpg
64	2020 Honda Odyssey EX-L w/Honda Sensing	Silver Metallic	//rndinteractive.com/images/no_image.jpg
65	2020 Honda Odyssey EX-L w/Honda Sensing	Silver Metallic	//rndinteractive.com/images/no_image.jpg
66	2020 Honda Odyssey EX-L w/Honda Sensing	Silver Metallic	//rndinteractive.com/images/no_image.jpg
67	2020 Honda Odyssey EX-L w/Honda Sensing	Silver Metallic	//rndinteractive.com/images/no_image.jpg
68	2020 Honda Odyssey EX-L w/Honda Sensing	Black	//rndinteractive.com/images/no_image.jpg
69	2020 Honda Odyssey EX-L w/Honda Sensing	Black	//rndinteractive.com/images/no_image.jpg
70	2020 Honda Odyssey EX-L w/Honda Sensing	Platinum	//rndinteractive.com/images/no_image.jpg
71	2020 Honda Odyssey EX-L w/Honda Sensing	Platinum	//rndinteractive.com/images/no_image.jpg
72	2020 Honda Odyssey EX-L w/Honda Sensing	Silver Metallic	//rndinteractive.com/images/no_image.jpg
73	2020 Honda Odyssey EX-L w/Honda Sensing	Scarlet	//rndinteractive.com/images/no_image.jpg
74	2020 Honda Odyssey EX-L w/Honda Sensing	Silver Metallic	//rndinteractive.com/images/no_image.jpg
75	2020 Honda Odyssey EX-L w/Honda Sensing	Black	//rndinteractive.com/images/no_image.jpg
76	2020 Honda Odyssey EX-L w/Honda Sensing	Platinum	//rndinteractive.com/images/no_image.jpg
77	2020 Honda Odyssey EX-L w/Honda Sensing	Black	//rndinteractive.com/images/no_image.jpg
78	2020 Honda Odyssey EX-L w/Honda Sensing	Obsidian	//rndinteractive.com/images/no_image.jpg
79	2020 Honda Odyssey EX-L w/Honda Sensing	Black	//rndinteractive.com/images/no_image.jpg
80	2020 Honda Odyssey EX-L	Platinum	//rndinteractive.com/images/no_image.jpg
81	2020 Honda Odyssey EX-L w/Honda Sensing	Silver Metallic	//rndinteractive.com/images/no_image.jpg
82	2020 Honda Odyssey EX-L w/Honda Sensing	Silver Metallic	//rndinteractive.com/images/no_image.jpg
83	2020 Honda Odyssey EX-L w/Honda Sensing	Silver Metallic	//rndinteractive.com/images/no_image.jpg
84	2020 Honda Odyssey EX-L	Platinum	//rndinteractive.com/images/no_image.jpg
85	2020 Honda Odyssey EX-L w/Honda Sensing	Black	//rndinteractive.com/images/no_image.jpg
86	2020 Honda Odyssey EX-L w/Honda Sensing	Black	//rndinteractive.com/images/no_image.jpg
87	2020 Honda Odyssey EX-L w/Honda Sensing	Scarlet	//rndinteractive.com/images/no_image.jpg
88	2020 Honda Odyssey EX-L w/Honda Sensing	Silver Metallic	//rndinteractive.com/images/no_image.jpg
89	2020 Honda Odyssey EX-L w/Honda Sensing	Obsidian	//rndinteractive.com/images/no_image.jpg
90	2020 Honda Odyssey EX-L w/Honda Sensing	Silver Metallic	//rndinteractive.com/images/no_image.jpg
91	2020 Honda Odyssey EX-L w/Honda Sensing	Scarlet	//rndinteractive.com/images/no_image.jpg
92	2021 Honda Pilot EX-L w/Honda Sensing	Platinum	//rndinteractive.com/images/no_image.jpg
93	2021 Honda Pilot Special Edition	Silver Metallic	//rndinteractive.com/images/no_image.jpg
94	2021 Honda Pilot Special Edition	Steel	//rndinteractive.com/images/no_image.jpg
95	2021 Honda Pilot Special Edition w/Honda Sensing	Steel	//rndinteractive.com/images/no_image.jpg
96	2020 Honda Odyssey EX-L w/Navigation and Rear Entertainment System w/Honda Sensing, Navigation & RES	Obsidian	//rndinteractive.com/images/no_image.jpg
97	2020 Honda Odyssey EX-L w/Navigation and Rear Entertainment System w/Honda Sensing, Navigation & RES	Black	//rndinteractive.com/images/no_image.jpg
98	2020 Honda Odyssey EX-L w/Navigation and Rear Entertainment System w/Honda Sensing, Navigation & RES	Obsidian	//rndinteractive.com/images/no_image.jpg
99	2020 Honda Odyssey EX-L w/Navigation and Rear Entertainment System w/Honda Sensing, Navigation & RES	Silver Metallic	//rndinteractive.com/images/no_image.jpg
100	2020 Honda Odyssey EX-L w/Navigation and Rear Entertainment System w/Honda Sensing, Navigation & RES	Silver Metallic	//rndinteractive.com/images/no_image.jpg
101	2020 Honda Odyssey EX-L w/Navigation and Rear Entertainment System w/Honda Sensing, Navigation & RES	Platinum	//rndinteractive.com/images/no_image.jpg
102	2020 Honda Odyssey EX-L w/Navigation and Rear Entertainment System w/Honda Sensing, Navigation & RES	Silver Metallic	//rndinteractive.com/images/no_image.jpg
103	2020 Honda Odyssey EX-L w/Navigation and Rear Entertainment System w/Honda Sensing, Navigation & RES	Platinum	//rndinteractive.com/images/no_image.jpg
104	2020 Honda Odyssey EX-L w/Navigation and Rear Entertainment System w/Honda Sensing, Navigation & RES	Silver Metallic	//rndinteractive.com/images/no_image.jpg
105	2020 Honda Odyssey EX-L w/Navigation and Rear Entertainment System w/Honda Sensing, Navigation & RES	Black	//rndinteractive.com/images/no_image.jpg
106	2020 Honda Odyssey EX-L w/Navigation and Rear Entertainment System w/Honda Sensing, Navigation & RES	Scarlet	//rndinteractive.com/images/no_image.jpg
107	2020 Honda Odyssey EX-L w/Navigation and Rear Entertainment System w/Honda Sensing, Navigation & RES	Obsidian	//rndinteractive.com/images/no_image.jpg
108	2020 Honda Odyssey EX-L w/Navigation and Rear Entertainment System w/Honda Sensing, Navigation & RES	Silver Metallic	//rndinteractive.com/images/no_image.jpg
109	2020 Honda Odyssey EX-L w/Navigation and Rear Entertainment System w/Honda Sensing, Navigation & RES	Black	//rndinteractive.com/images/no_image.jpg
110	2020 Honda Odyssey EX-L w/Navigation and Rear Entertainment System w/Honda Sensing, Navigation & RES	Black	//rndinteractive.com/images/no_image.jpg
111	2020 Honda Odyssey EX-L w/Navigation and Rear Entertainment System w/Honda Sensing, Navigation & RES	Black	//rndinteractive.com/images/no_image.jpg
112	2020 Honda Odyssey EX-L w/Navigation and Rear Entertainment System w/Honda Sensing, Navigation & RES	Silver Metallic	//rndinteractive.com/images/no_image.jpg
113	2020 Honda Odyssey EX-L w/Navigation and Rear Entertainment System w/Honda Sensing, Navigation & RES	Silver Metallic	//rndinteractive.com/images/no_image.jpg
114	2020 Honda Odyssey EX-L w/Navigation and Rear Entertainment System w/Honda Sensing, Navigation & RES	Black	//rndinteractive.com/images/no_image.jpg
115	2020 Honda Odyssey EX-L w/Navigation and Rear Entertainment System w/Honda Sensing, Navigation & RES	Platinum	//rndinteractive.com/images/no_image.jpg
116	2020 Honda Odyssey EX-L w/Navigation and Rear Entertainment System w/Honda Sensing, Navigation & RES	Platinum	//rndinteractive.com/images/no_image.jpg
117	2020 Honda Odyssey EX-L w/Navigation and Rear Entertainment System w/Honda Sensing, Navigation & RES	Obsidian	//rndinteractive.com/images/no_image.jpg
118	2020 Honda Odyssey EX-L w/Navigation and Rear Entertainment System w/Honda Navigation	Platinum	//rndinteractive.com/images/no_image.jpg
119	2020 Honda Odyssey EX-L w/Navigation and Rear Entertainment System w/Honda Sensing, Navigation & RES	Platinum	//rndinteractive.com/images/no_image.jpg
120	2020 Honda Odyssey EX-L w/Navigation and Rear Entertainment System w/Honda Sensing, Navigation & RES	Obsidian	//rndinteractive.com/images/no_image.jpg
121	2020 Honda Odyssey EX-L w/Navigation and Rear Entertainment System w/Honda Sensing, Navigation & RES	Silver Metallic	//rndinteractive.com/images/no_image.jpg
122	2020 Honda Odyssey EX-L w/Navigation and Rear Entertainment System w/Honda Sensing, Navigation & RES	Silver Metallic	//rndinteractive.com/images/no_image.jpg
123	2020 Honda Odyssey EX-L w/Navigation and Rear Entertainment System w/Honda Sensing, Navigation & RES	Silver Metallic	//rndinteractive.com/images/no_image.jpg
124	2020 Honda Odyssey EX-L w/Navigation and Rear Entertainment System w/Honda Sensing, Navigation & RES	Obsidian	//rndinteractive.com/images/no_image.jpg
125	2021 Honda Pilot Touring 7 Passenger w/Honda Navigation	Silver Metallic	//rndinteractive.com/images/no_image.jpg
126	2021 Honda Pilot Touring 8 Passenger w/Honda Navigation	Platinum	//rndinteractive.com/images/no_image.jpg
127	2020 Honda Ridgeline RTL-E w/Honda Sensing & Navigation	Modern Steel	//rndinteractive.com/images/no_image.jpg
128	2020 Honda Ridgeline RTL-E w/Honda Sensing & Navigation	Modern Steel	//rndinteractive.com/images/no_image.jpg
129	2020 Honda Ridgeline RTL-E w/Honda Sensing & Navigation	Modern Steel	//rndinteractive.com/images/no_image.jpg
130	2020 Honda Ridgeline RTL-E w/Honda Sensing & Navigation	Modern Steel	//rndinteractive.com/images/no_image.jpg
131	2020 Honda Ridgeline RTL-E w/Honda Navigation	Modern Steel	//rndinteractive.com/images/no_image.jpg
132	2020 Honda Pilot Touring 8 Passenger w/Honda Sensing, Navigation & RES	Platinum	//rndinteractive.com/images/no_image.jpg
133	2020 Honda Pilot Touring 8 Passenger w/Honda Sensing, Navigation & RES	Scarlet	//rndinteractive.com/images/no_image.jpg
134	2020 Honda Pilot Touring 8 Passenger w/Honda Sensing, Navigation & RES	Platinum	//rndinteractive.com/images/no_image.jpg
135	2020 Honda Pilot Touring 8 Passenger w/Honda Sensing, Navigation & RES	Modern Steel	//rndinteractive.com/images/no_image.jpg
136	2020 Honda Pilot Touring 8 Passenger w/Honda Sensing, Navigation & RES	Modern Steel	//rndinteractive.com/images/no_image.jpg
137	2020 Honda Pilot Touring 8 Passenger w/Honda Sensing, Navigation & RES	Modern Steel	//rndinteractive.com/images/no_image.jpg
138	2020 Honda Pilot Touring 8 Passenger w/Honda Sensing, Navigation & RES	Modern Steel	//rndinteractive.com/images/no_image.jpg
139	2021 Honda Pilot Touring 8 Passenger w/Honda Sensing, Navigation & RES	Modern Steel	//rndinteractive.com/images/no_image.jpg
140	2020 Honda Pilot Touring 7 Passenger w/Honda Sensing, Navigation & RES	Platinum	//rndinteractive.com/images/no_image.jpg
141	2020 Honda Pilot Touring 7 Passenger w/Honda Sensing, Navigation & RES	Platinum	//rndinteractive.com/images/no_image.jpg
142	2021 Honda Pilot Touring 7 Passenger w/Honda Sensing, Navigation & RES	Black	//rndinteractive.com/images/no_image.jpg
143	2020 Honda Pilot Touring 7 Passenger w/Honda Sensing, Navigation & RES	Platinum	//rndinteractive.com/images/no_image.jpg
144	2020 Honda Odyssey Touring w/Honda Sensing, Navigation & RES	Black	//rndinteractive.com/images/no_image.jpg
145	2021 Honda Pilot Touring 7 Passenger w/Honda Sensing, Navigation & RES	Silver Metallic	//rndinteractive.com/images/no_image.jpg
146	2020 Honda Odyssey Elite w/Honda Sensing, Navigation & RES	Modern Steel	//rndinteractive.com/images/no_image.jpg
147	2020 Honda Odyssey Elite w/Honda Sensing, Navigation & RES	Platinum	//rndinteractive.com/images/no_image.jpg
148	2020 Honda Odyssey Elite w/Honda Sensing, Navigation & RES	Modern Steel	//rndinteractive.com/images/no_image.jpg
